{
  "davidson_offensive": {
    "huawei-noah/TinyBERT_General_4L_312D": {
      "eval_loss": 0.25693586468696594,
      "eval_accuracy": 0.9108331652208997,
      "eval_f1": 0.9038811600010239,
      "eval_runtime": 6.8922,
      "eval_samples_per_second": 719.222,
      "eval_steps_per_second": 44.979,
      "epoch": 3.0
    }
  }
}