{
  "bad_hate": {
    "huawei-noah/TinyBERT_General_4L_312D": {
      "eval_loss": 0.1889747828245163,
      "eval_accuracy": 0.9365526965103983,
      "eval_f1": 0.9315579295044529,
      "eval_runtime": 4.0311,
      "eval_samples_per_second": 703.785,
      "eval_steps_per_second": 44.157,
      "epoch": 3.0
    }
  }
}