{
  "davidson_offensive": {
    "google/electra-small-discriminator": {
      "eval_loss": 0.25988757610321045,
      "eval_accuracy": 0.9166834779100262,
      "eval_f1": 0.899123661320404,
      "eval_runtime": 6.0176,
      "eval_samples_per_second": 823.749,
      "eval_steps_per_second": 51.515,
      "epoch": 3.0
    }
  }
}