{
  "bad_hate": {
    "distilroberta-base": {
      "eval_loss": 0.15816429257392883,
      "eval_accuracy": 0.9481847021501586,
      "eval_f1": 0.9445735112468834,
      "eval_runtime": 4.7591,
      "eval_samples_per_second": 596.118,
      "eval_steps_per_second": 37.402,
      "epoch": 3.0
    }
  }
}