{
  "davidson_offensive": {
    "distilbert-base-uncased": {
      "eval_loss": 0.22410555183887482,
      "eval_accuracy": 0.9239459350413557,
      "eval_f1": 0.9138653819276129,
      "eval_runtime": 7.1894,
      "eval_samples_per_second": 689.491,
      "eval_steps_per_second": 43.119,
      "epoch": 3.0
    }
  }
}