{
  "gender_hate": {
    "roberta-base": {
      "eval_loss": 0.48819151520729065,
      "eval_accuracy": 0.805,
      "eval_f1": 0.8047713163837892,
      "eval_runtime": 6.0027,
      "eval_samples_per_second": 333.184,
      "eval_steps_per_second": 20.824,
      "epoch": 3.0
    }
  }
}