{
  "davidson_offensive": {
    "google/electra-small-discriminator": {
      "eval_loss": 0.26408863067626953,
      "eval_accuracy": 0.9150695985475086,
      "eval_f1": 0.8954047932902641,
      "eval_runtime": 16.6404,
      "eval_samples_per_second": 297.89,
      "eval_steps_per_second": 18.629,
      "epoch": 4.0
    }
  }
}